{
    "vertices": [1.1766,0.230374,0.721803,1.16953,0.220374,0.728875,1.1766,0.230374,0.735946,0.070686,0.230374,1.84186,0.063615,0.220374,1.83479,0.056544,0.230374,1.84186,1.16953,1.80437,0.728875,1.1766,1.79437,0.721804,1.1766,1.79437,0.735946,0.070685,1.79437,1.84186,0.056543,1.79437,1.84186,0.063614,1.80437,1.83479,0.924588,0.388774,0.707944,0.93296,0.371609,0.709438,0.941658,0.383911,0.70074,0.03548,0.383911,1.60692,0.044179,0.371609,1.59822,0.042685,0.388774,1.58985,0.924588,1.63597,0.707945,0.941658,1.64084,0.70074,0.93296,1.65314,0.709439,0.044178,1.65314,1.59822,0.03548,1.64084,1.60692,0.042684,1.63597,1.58985,1.15979,0.230374,0.704991,1.14272,0.23984,0.698054,1.13402,0.227538,0.706752,1.15272,0.220374,0.712062,0.032794,0.23984,1.80798,0.039731,0.230374,1.82505,0.046802,0.220374,1.81798,0.041493,0.227538,1.79928,1.15272,1.80437,0.712063,1.13402,1.79721,0.706753,1.14272,1.78491,0.698054,1.15979,1.79437,0.704992,0.041492,1.79721,1.79928,0.046802,1.80437,1.81798,0.039731,1.79437,1.82505,0.032793,1.78491,1.80798],
    "metadata": {
        "generator": "io_three",
        "vertices": 40,
        "version": 3,
        "faces": 42,
        "uvs": 0,
        "normals": 40,
        "type": "Geometry"
    },
    "name": "Cube.001Geometry",
    "faces": [33,0,7,35,24,0,1,2,3,33,25,34,19,14,4,5,6,7,33,12,18,23,17,8,9,10,11,33,39,28,15,22,12,13,14,15,33,33,36,21,20,16,17,18,19,33,10,5,29,38,20,21,22,23,33,4,1,27,30,24,25,26,27,33,6,11,37,32,28,29,30,31,33,31,26,13,16,32,33,34,35,32,0,1,2,0,25,36,32,3,4,5,37,24,21,32,6,7,8,28,1,38,32,9,10,11,39,20,29,32,12,13,14,8,34,7,32,15,16,17,14,35,11,32,18,19,20,9,6,19,32,21,22,23,18,15,10,33,24,25,26,27,3,4,33,26,33,28,29,30,31,13,22,27,32,33,32,33,34,35,31,16,5,2,33,36,37,38,39,17,30,23,12,33,1,4,3,2,25,24,37,36,33,7,0,2,8,1,0,36,38,33,5,10,9,3,21,20,39,37,33,8,9,11,6,38,39,29,28,33,12,17,16,13,8,11,35,34,33,14,19,18,12,7,6,9,8,33,17,23,22,15,11,10,15,14,33,20,21,23,18,19,18,10,9,33,25,14,13,26,4,7,34,33,33,29,5,4,30,22,21,24,27,33,33,20,19,34,16,19,6,5,33,37,11,10,38,30,29,20,23,33,0,24,27,1,0,3,26,25,33,31,16,15,28,32,35,14,13,33,35,7,6,32,2,1,28,31,33,39,22,21,36,12,15,18,17,33,26,31,30,27,33,32,27,26,33,34,25,24,35,5,4,3,2,33,28,39,38,29,13,12,23,22,33,36,33,32,37,17,16,31,30,33,2,3,9,8,36,37,39,38],
    "uvs": [],
    "normals": [-0.860653,0.341563,0.377575,-0.860653,-0.341563,0.377575,-0.440718,-0.392682,0.807184,-0.440718,0.392682,0.807184,-0.053346,0.265938,0.962493,-0.053346,-0.265938,0.962493,0.250496,-0.158818,0.954985,0.250496,0.158818,0.954985,0.574877,0.160772,0.802271,0.574877,-0.160772,0.802271,0.802271,-0.160772,0.574877,0.802271,0.160772,0.574877,0.962493,-0.265938,-0.053346,0.962493,0.265938,-0.053346,0.954985,0.158818,0.250496,0.954985,-0.158818,0.250496,0.266488,-0.718314,0.642628,0.642628,-0.718314,0.266488,0.715049,-0.498123,0.490432,0.490432,-0.498123,0.715049,0.377575,-0.341563,-0.860653,0.377575,0.341563,-0.860653,0.807184,0.392682,-0.440718,0.807154,-0.392682,-0.440718,0,0.875576,-0.483047,-0.483047,0.875576,0,-0.094424,0.882382,0.460891,0.460891,0.882382,-0.094424,-0.483047,-0.875576,0,0,-0.875576,-0.483077,0.460891,-0.882382,-0.094455,-0.094424,-0.882382,0.460891,0.642628,0.718314,0.266488,0.266488,0.718314,0.642628,0.490432,0.498123,0.715049,0.715049,0.498123,0.490432,-0.860653,0.341563,-0.377575,-0.377575,0.341563,-0.860653,-0.860653,-0.341563,-0.377575,-0.377575,-0.341563,-0.860653]
}